<?xml version="1.0" encoding="utf-8"?>
<ApplicationPackage SchemaVersion="1.0" ProductType="Application" AutodeskProduct="Revit" Name="geeWiz" AppVersion="25.04.01.00">
  <CompanyDetails Name="Aussie BIM Guru" Email="aussiebimguru@gmail.com" Url="https://github.com/aussieBIMguru" />
  <Components Description="Revit 2023">
    <RuntimeRequirements OS="Win64" Platform="Revit" SeriesMin="R2023" SeriesMax="R2023" />
    <ComponentEntry AppName="geeWiz" ModuleName="./Contents/geeWiz/25.04.01.00/2021/geeWiz.addin" />
  </Components> 
  <Components Description="Revit 2024">
    <RuntimeRequirements OS="Win64" Platform="Revit" SeriesMin="R2024" SeriesMax="R2024" />
    <ComponentEntry AppName="geeWiz" ModuleName="./Contents/geeWiz/25.04.01.00/2024/geeWiz.addin" />
  </Components> 
  <Components Description="Revit 2025">
    <RuntimeRequirements OS="Win64" Platform="Revit" SeriesMin="R2025" SeriesMax="R2025" />
    <ComponentEntry AppName="geeWiz" ModuleName="./Contents/geeWiz/25.04.01.00/2025/geeWiz.addin" />
  </Components> 
  <Components Description="Revit 2026">
    <RuntimeRequirements OS="Win64" Platform="Revit" SeriesMin="R2026" SeriesMax="R2026" />
    <ComponentEntry AppName="geeWiz" ModuleName="./Contents/geeWiz/25.04.01.00/2026/geeWiz.addin" />
  </Components> 
</ApplicationPackage>